timeStamp,elapsed,label,responseCode,responseMessage,threadName,dataType,success,failureMessage,bytes,sentBytes,grpThreads,allThreads,URL,Latency,IdleTime,Connect
1715437068867,808,HomePage,200,OK,FirstThreads 1-1,text,true,,1963,242,9,9,https://www.threadit.tech/,306,0,154
1715437068867,306,HomePage-0,301,Moved Permanently,FirstThreads 1-1,text,true,,370,121,9,9,http://www.threadit.tech/,306,0,154
1715437069173,502,HomePage-1,200,OK,FirstThreads 1-1,text,true,,1593,121,9,9,https://www.threadit.tech/,502,0,348
1715437068965,831,HomePage,200,OK,FirstThreads 1-2,text,true,,1963,242,10,10,https://www.threadit.tech/,309,0,146
1715437068965,309,HomePage-0,301,Moved Permanently,FirstThreads 1-2,text,true,,370,121,10,10,http://www.threadit.tech/,309,0,146
1715437069274,522,HomePage-1,200,OK,FirstThreads 1-2,text,true,,1593,121,10,10,https://www.threadit.tech/,522,0,354
1715437069065,780,HomePage,200,OK,FirstThreads 1-3,text,true,,1963,242,10,10,https://www.threadit.tech/,319,0,153
1715437069065,319,HomePage-0,301,Moved Permanently,FirstThreads 1-3,text,true,,370,121,10,10,http://www.threadit.tech/,319,0,153
1715437069384,461,HomePage-1,200,OK,FirstThreads 1-3,text,true,,1593,121,10,10,https://www.threadit.tech/,461,0,306
1715437069796,171,Java Request,,,FirstThreads 1-2,text,true,,0,0,10,10,null,0,0,0
1715437069166,809,HomePage,200,OK,FirstThreads 1-4,text,true,,1963,242,10,10,https://www.threadit.tech/,323,0,158
1715437069166,323,HomePage-0,301,Moved Permanently,FirstThreads 1-4,text,true,,370,121,10,10,http://www.threadit.tech/,323,0,158
1715437069489,486,HomePage-1,200,OK,FirstThreads 1-4,text,true,,1593,121,10,10,https://www.threadit.tech/,486,0,324
1715437069710,341,Java Request,,,FirstThreads 1-1,text,true,,0,0,10,10,null,0,0,0
1715437069845,222,Java Request,,,FirstThreads 1-3,text,true,,0,0,10,10,null,0,0,0
1715437069268,810,HomePage,200,OK,FirstThreads 1-5,text,true,,1963,242,10,10,https://www.threadit.tech/,343,0,191
1715437069268,343,HomePage-0,301,Moved Permanently,FirstThreads 1-5,text,true,,370,121,10,10,http://www.threadit.tech/,343,0,191
1715437069611,467,HomePage-1,200,OK,FirstThreads 1-5,text,true,,1593,121,10,10,https://www.threadit.tech/,467,0,316
1715437069367,808,HomePage,200,OK,FirstThreads 1-6,text,true,,1963,242,10,10,https://www.threadit.tech/,308,0,152
1715437069367,308,HomePage-0,301,Moved Permanently,FirstThreads 1-6,text,true,,370,121,10,10,http://www.threadit.tech/,308,0,152
1715437069675,500,HomePage-1,200,OK,FirstThreads 1-6,text,true,,1593,121,10,10,https://www.threadit.tech/,500,0,342
1715437069465,783,HomePage,200,OK,FirstThreads 1-7,text,true,,1963,242,10,10,https://www.threadit.tech/,317,0,161
1715437069465,317,HomePage-0,301,Moved Permanently,FirstThreads 1-7,text,true,,370,121,10,10,http://www.threadit.tech/,317,0,161
1715437069782,466,HomePage-1,200,OK,FirstThreads 1-7,text,true,,1593,121,10,10,https://www.threadit.tech/,466,0,313
1715437070078,199,Java Request,,,FirstThreads 1-5,text,true,,0,0,10,10,null,0,0,0
1715437069969,311,HomePage,200,OK,FirstThreads 1-2,text,true,,1963,242,10,10,https://www.threadit.tech/,156,0,0
1715437069969,156,HomePage-0,301,Moved Permanently,FirstThreads 1-2,text,true,,370,121,10,10,http://www.threadit.tech/,156,0,0
1715437070125,155,HomePage-1,200,OK,FirstThreads 1-2,text,true,,1593,121,10,10,https://www.threadit.tech/,155,0,0
1715437069976,353,Java Request,,,FirstThreads 1-4,text,true,,0,0,10,10,null,0,0,0
1715437069567,775,HomePage,200,OK,FirstThreads 1-8,text,true,,1963,242,10,10,https://www.threadit.tech/,308,0,151
1715437069567,308,HomePage-0,301,Moved Permanently,FirstThreads 1-8,text,true,,370,121,10,10,http://www.threadit.tech/,308,0,151
1715437069875,467,HomePage-1,200,OK,FirstThreads 1-8,text,true,,1593,121,10,10,https://www.threadit.tech/,467,0,313
1715437070051,307,HomePage,200,OK,FirstThreads 1-1,text,true,,1963,242,10,10,https://www.threadit.tech/,154,0,0
1715437070051,154,HomePage-0,301,Moved Permanently,FirstThreads 1-1,text,true,,370,121,10,10,http://www.threadit.tech/,154,0,0
1715437070205,153,HomePage-1,200,OK,FirstThreads 1-1,text,true,,1593,121,10,10,https://www.threadit.tech/,153,0,0
1715437070248,114,Java Request,,,FirstThreads 1-7,text,true,,0,0,10,10,null,0,0,0
1715437070067,323,HomePage,200,OK,FirstThreads 1-3,text,true,,1963,242,10,10,https://www.threadit.tech/,167,0,0
1715437070067,167,HomePage-0,301,Moved Permanently,FirstThreads 1-3,text,true,,370,121,10,10,http://www.threadit.tech/,167,0,0
1715437070234,156,HomePage-1,200,OK,FirstThreads 1-3,text,true,,1593,121,10,10,https://www.threadit.tech/,156,0,0
1715437070280,147,Java Request,,,FirstThreads 1-2,text,true,,0,0,10,10,null,0,0,0
1715437069666,802,HomePage,200,OK,FirstThreads 1-9,text,true,,1963,242,10,10,https://www.threadit.tech/,309,0,145
1715437069666,309,HomePage-0,301,Moved Permanently,FirstThreads 1-9,text,true,,370,121,10,10,http://www.threadit.tech/,309,0,145
1715437069976,492,HomePage-1,200,OK,FirstThreads 1-9,text,true,,1593,121,10,10,https://www.threadit.tech/,492,0,338
1715437070175,297,Java Request,,,FirstThreads 1-6,text,true,,0,0,10,10,null,0,0,0
1715437070342,207,Java Request,,,FirstThreads 1-8,text,true,,0,0,10,10,null,0,0,0
1715437069764,801,HomePage,200,OK,FirstThreads 1-10,text,true,,1963,242,10,10,https://www.threadit.tech/,314,0,161
1715437069764,314,HomePage-0,301,Moved Permanently,FirstThreads 1-10,text,true,,370,121,10,10,http://www.threadit.tech/,314,0,161
1715437070078,487,HomePage-1,200,OK,FirstThreads 1-10,text,true,,1593,121,10,10,https://www.threadit.tech/,487,0,314
1715437070358,223,Java Request,,,FirstThreads 1-1,text,true,,0,0,10,10,null,0,0,0
1715437070277,318,HomePage,200,OK,FirstThreads 1-5,text,true,,1963,242,10,10,https://www.threadit.tech/,161,0,0
1715437070277,161,HomePage-0,301,Moved Permanently,FirstThreads 1-5,text,true,,370,121,10,10,http://www.threadit.tech/,161,0,0
1715437070438,157,HomePage-1,200,OK,FirstThreads 1-5,text,true,,1593,121,10,10,https://www.threadit.tech/,157,0,0
1715437070329,316,HomePage,200,OK,FirstThreads 1-4,text,true,,1963,242,10,10,https://www.threadit.tech/,169,0,0
1715437070329,169,HomePage-0,301,Moved Permanently,FirstThreads 1-4,text,true,,370,121,10,10,http://www.threadit.tech/,169,0,0
1715437070498,147,HomePage-1,200,OK,FirstThreads 1-4,text,true,,1593,121,10,10,https://www.threadit.tech/,147,0,0
1715437070390,256,Java Request,,,FirstThreads 1-3,text,true,,0,0,10,10,null,0,0,0
1715437070362,322,HomePage,200,OK,FirstThreads 1-7,text,true,,1963,242,10,10,https://www.threadit.tech/,172,0,0
1715437070362,172,HomePage-0,301,Moved Permanently,FirstThreads 1-7,text,true,,370,121,10,10,http://www.threadit.tech/,172,0,0
1715437070534,150,HomePage-1,200,OK,FirstThreads 1-7,text,true,,1593,121,10,10,https://www.threadit.tech/,150,0,0
1715437070566,177,Java Request,,,FirstThreads 1-10,text,true,,0,0,10,10,null,0,0,0
1715437070427,323,HomePage,200,OK,FirstThreads 1-2,text,true,,1963,242,10,10,https://www.threadit.tech/,168,0,0
1715437070427,168,HomePage-0,301,Moved Permanently,FirstThreads 1-2,text,true,,370,121,10,10,http://www.threadit.tech/,168,0,0
1715437070595,155,HomePage-1,200,OK,FirstThreads 1-2,text,true,,1593,121,10,10,https://www.threadit.tech/,155,0,0
1715437070472,299,HomePage,200,OK,FirstThreads 1-6,text,true,,1963,242,10,10,https://www.threadit.tech/,151,0,0
1715437070472,151,HomePage-0,301,Moved Permanently,FirstThreads 1-6,text,true,,370,121,10,10,http://www.threadit.tech/,151,0,0
1715437070623,148,HomePage-1,200,OK,FirstThreads 1-6,text,true,,1593,121,10,10,https://www.threadit.tech/,148,0,0
1715437070468,334,Java Request,,,FirstThreads 1-9,text,true,,0,0,10,10,null,0,0,0
1715437070595,208,Java Request,,,FirstThreads 1-5,text,true,,0,0,10,10,null,0,0,0
1715437070549,299,HomePage,200,OK,FirstThreads 1-8,text,true,,1963,242,10,10,https://www.threadit.tech/,148,0,0
1715437070549,148,HomePage-0,301,Moved Permanently,FirstThreads 1-8,text,true,,370,121,10,10,http://www.threadit.tech/,148,0,0
1715437070697,151,HomePage-1,200,OK,FirstThreads 1-8,text,true,,1593,121,10,10,https://www.threadit.tech/,151,0,0
1715437070750,105,Java Request,,,FirstThreads 1-2,text,true,,0,0,10,10,null,0,0,0
1715437070581,302,HomePage,200,OK,FirstThreads 1-1,text,true,,1963,242,10,10,https://www.threadit.tech/,150,0,0
1715437070581,150,HomePage-0,301,Moved Permanently,FirstThreads 1-1,text,true,,370,121,10,10,http://www.threadit.tech/,150,0,0
1715437070731,152,HomePage-1,200,OK,FirstThreads 1-1,text,true,,1593,121,10,10,https://www.threadit.tech/,152,0,0
1715437070771,127,Java Request,,,FirstThreads 1-6,text,true,,0,0,10,10,null,0,0,0
1715437070645,256,Java Request,,,FirstThreads 1-4,text,true,,0,0,10,10,null,0,0,0
1715437070646,298,HomePage,200,OK,FirstThreads 1-3,text,true,,1963,242,10,10,https://www.threadit.tech/,150,0,0
1715437070646,150,HomePage-0,301,Moved Permanently,FirstThreads 1-3,text,true,,370,121,10,10,http://www.threadit.tech/,150,0,0
1715437070796,148,HomePage-1,200,OK,FirstThreads 1-3,text,true,,1593,121,10,10,https://www.threadit.tech/,148,0,0
1715437070685,297,Java Request,,,FirstThreads 1-7,text,true,,0,0,10,10,null,0,0,0
1715437070743,295,HomePage,200,OK,FirstThreads 1-10,text,true,,1963,242,10,10,https://www.threadit.tech/,148,0,0
1715437070743,148,HomePage-0,301,Moved Permanently,FirstThreads 1-10,text,true,,370,121,10,10,http://www.threadit.tech/,148,0,0
1715437070891,147,HomePage-1,200,OK,FirstThreads 1-10,text,true,,1593,121,10,10,https://www.threadit.tech/,147,0,0
1715437070848,205,Java Request,,,FirstThreads 1-8,text,true,,0,0,10,10,null,0,0,0
1715437070803,293,HomePage,200,OK,FirstThreads 1-9,text,true,,1963,242,10,10,https://www.threadit.tech/,146,0,0
1715437070803,146,HomePage-0,301,Moved Permanently,FirstThreads 1-9,text,true,,370,121,10,10,http://www.threadit.tech/,146,0,0
1715437070949,147,HomePage-1,200,OK,FirstThreads 1-9,text,true,,1593,121,10,10,https://www.threadit.tech/,147,0,0
1715437070804,311,HomePage,200,OK,FirstThreads 1-5,text,true,,1963,242,10,10,https://www.threadit.tech/,149,0,0
1715437070804,149,HomePage-0,301,Moved Permanently,FirstThreads 1-5,text,true,,370,121,10,10,http://www.threadit.tech/,149,0,0
1715437070953,162,HomePage-1,200,OK,FirstThreads 1-5,text,true,,1593,121,10,10,https://www.threadit.tech/,162,0,0
1715437070883,241,Java Request,,,FirstThreads 1-1,text,true,,0,0,10,10,null,0,0,0
1715437070855,309,HomePage,200,OK,FirstThreads 1-2,text,true,,1963,242,10,10,https://www.threadit.tech/,152,0,0
1715437070855,152,HomePage-0,301,Moved Permanently,FirstThreads 1-2,text,true,,370,121,10,10,http://www.threadit.tech/,152,0,0
1715437071007,157,HomePage-1,200,OK,FirstThreads 1-2,text,true,,1593,121,10,10,https://www.threadit.tech/,157,0,0
1715437071038,141,Java Request,,,FirstThreads 1-10,text,true,,0,0,10,10,null,0,0,0
1715437070898,299,HomePage,200,OK,FirstThreads 1-6,text,true,,1963,242,10,10,https://www.threadit.tech/,144,0,0
1715437070898,144,HomePage-0,301,Moved Permanently,FirstThreads 1-6,text,true,,370,121,10,10,http://www.threadit.tech/,144,0,0
1715437071042,155,HomePage-1,200,OK,FirstThreads 1-6,text,true,,1593,121,10,10,https://www.threadit.tech/,155,0,0
1715437070901,303,HomePage,200,OK,FirstThreads 1-4,text,true,,1963,242,10,10,https://www.threadit.tech/,150,0,0
1715437070901,150,HomePage-0,301,Moved Permanently,FirstThreads 1-4,text,true,,370,121,10,10,http://www.threadit.tech/,150,0,0
1715437071052,152,HomePage-1,200,OK,FirstThreads 1-4,text,true,,1593,121,10,10,https://www.threadit.tech/,152,0,0
1715437070944,301,Java Request,,,FirstThreads 1-3,text,true,,0,0,10,10,null,0,0,0
1715437071096,198,Java Request,,,FirstThreads 1-9,text,true,,0,0,10,10,null,0,0,0
1715437071115,217,Java Request,,,FirstThreads 1-5,text,true,,0,0,10,10,null,0,0,0
1715437071164,264,Java Request,,,FirstThreads 1-2,text,true,,0,0,10,10,null,0,0,0
1715437071198,298,Java Request,,,FirstThreads 1-6,text,true,,0,0,10,10,null,0,0,0
1715437071204,306,Java Request,,,FirstThreads 1-4,text,true,,0,0,10,10,null,0,0,0
1715437070982,2452,HomePage,200,OK,FirstThreads 1-7,text,true,,1963,242,10,10,https://www.threadit.tech/,151,0,0
1715437070982,151,HomePage-0,301,Moved Permanently,FirstThreads 1-7,text,true,,370,121,10,10,http://www.threadit.tech/,151,0,0
1715437071133,2301,HomePage-1,200,OK,FirstThreads 1-7,text,true,,1593,121,10,10,https://www.threadit.tech/,2301,0,0
1715437071053,2381,HomePage,200,OK,FirstThreads 1-8,text,true,,1963,242,10,10,https://www.threadit.tech/,152,0,0
1715437071053,152,HomePage-0,301,Moved Permanently,FirstThreads 1-8,text,true,,370,121,10,10,http://www.threadit.tech/,152,0,0
1715437071205,2229,HomePage-1,200,OK,FirstThreads 1-8,text,true,,1593,121,10,10,https://www.threadit.tech/,2229,0,0
1715437071179,2503,HomePage,200,OK,FirstThreads 1-10,text,true,,1963,242,10,10,https://www.threadit.tech/,2255,0,0
1715437071179,2255,HomePage-0,301,Moved Permanently,FirstThreads 1-10,text,true,,370,121,10,10,http://www.threadit.tech/,2255,0,0
1715437073435,247,HomePage-1,200,OK,FirstThreads 1-10,text,true,,1593,121,10,10,https://www.threadit.tech/,247,0,0
1715437073435,251,Java Request,,,FirstThreads 1-7,text,true,,0,0,10,10,null,0,0,0
1715437073435,251,Java Request,,,FirstThreads 1-8,text,true,,0,0,10,10,null,0,0,0
1715437071496,2220,HomePage,200,OK,FirstThreads 1-6,text,true,,1963,242,10,10,https://www.threadit.tech/,1948,0,0
1715437071245,2471,HomePage,200,OK,FirstThreads 1-3,text,true,,1963,242,10,10,https://www.threadit.tech/,2189,0,0
1715437071332,2384,HomePage,200,OK,FirstThreads 1-5,text,true,,1963,242,10,10,https://www.threadit.tech/,2102,0,0
1715437071496,1948,HomePage-0,301,Moved Permanently,FirstThreads 1-6,text,true,,370,121,10,10,http://www.threadit.tech/,1948,0,0
1715437071245,2189,HomePage-0,301,Moved Permanently,FirstThreads 1-3,text,true,,370,121,10,10,http://www.threadit.tech/,2189,0,0
1715437071124,2592,HomePage,200,OK,FirstThreads 1-1,text,true,,1963,242,10,10,https://www.threadit.tech/,2310,0,0
1715437071332,2102,HomePage-0,301,Moved Permanently,FirstThreads 1-5,text,true,,370,121,10,10,http://www.threadit.tech/,2102,0,0
1715437073446,270,HomePage-1,200,OK,FirstThreads 1-6,text,true,,1593,121,10,10,https://www.threadit.tech/,270,0,0
1715437073435,281,HomePage-1,200,OK,FirstThreads 1-3,text,true,,1593,121,10,10,https://www.threadit.tech/,281,0,0
1715437071124,2310,HomePage-0,301,Moved Permanently,FirstThreads 1-1,text,true,,370,121,10,10,http://www.threadit.tech/,2310,0,0
1715437073435,281,HomePage-1,200,OK,FirstThreads 1-5,text,true,,1593,121,10,10,https://www.threadit.tech/,281,0,0
1715437073435,281,HomePage-1,200,OK,FirstThreads 1-1,text,true,,1593,121,10,10,https://www.threadit.tech/,281,0,0
1715437071294,2422,HomePage,200,OK,FirstThreads 1-9,text,true,,1963,242,10,10,https://www.threadit.tech/,2140,0,0
1715437071294,2140,HomePage-0,301,Moved Permanently,FirstThreads 1-9,text,true,,370,121,10,10,http://www.threadit.tech/,2140,0,0
1715437073435,281,HomePage-1,200,OK,FirstThreads 1-9,text,true,,1593,121,10,10,https://www.threadit.tech/,281,0,0
1715437071510,2206,HomePage,200,OK,FirstThreads 1-4,text,true,,1963,242,10,10,https://www.threadit.tech/,1934,0,0
1715437071510,1934,HomePage-0,301,Moved Permanently,FirstThreads 1-4,text,true,,370,121,10,10,http://www.threadit.tech/,1934,0,0
1715437073446,270,HomePage-1,200,OK,FirstThreads 1-4,text,true,,1593,121,10,10,https://www.threadit.tech/,270,0,0
1715437071428,2295,HomePage,200,OK,FirstThreads 1-2,text,true,,1963,242,10,10,https://www.threadit.tech/,2016,0,0
1715437071428,2016,HomePage-0,301,Moved Permanently,FirstThreads 1-2,text,true,,370,121,10,10,http://www.threadit.tech/,2016,0,0
1715437073446,277,HomePage-1,200,OK,FirstThreads 1-2,text,true,,1593,121,10,10,https://www.threadit.tech/,277,0,0
1715437073683,232,Java Request,,,FirstThreads 1-10,text,true,,0,0,10,10,null,0,0,0
1715437073716,268,Java Request,,,FirstThreads 1-9,text,true,,0,0,10,10,null,0,0,0
1715437073716,268,Java Request,,,FirstThreads 1-4,text,true,,0,0,10,10,null,0,0,0
1715437073716,268,Java Request,,,FirstThreads 1-5,text,true,,0,0,10,10,null,0,0,0
1715437073716,268,Java Request,,,FirstThreads 1-6,text,true,,0,0,10,10,null,0,0,0
1715437073716,268,Java Request,,,FirstThreads 1-1,text,true,,0,0,10,10,null,0,0,0
1715437073716,268,Java Request,,,FirstThreads 1-3,text,true,,0,0,10,10,null,0,0,0
1715437073723,275,Java Request,,,FirstThreads 1-2,text,true,,0,0,10,10,null,0,0,0
1715437073686,1469,HomePage,200,OK,FirstThreads 1-7,text,true,,1963,242,10,10,https://www.threadit.tech/,1318,0,0
1715437073686,1469,HomePage,200,OK,FirstThreads 1-8,text,true,,1963,242,10,10,https://www.threadit.tech/,1318,0,0
1715437073686,1318,HomePage-0,301,Moved Permanently,FirstThreads 1-7,text,true,,370,121,10,10,http://www.threadit.tech/,1318,0,0
1715437075004,151,HomePage-1,200,OK,FirstThreads 1-7,text,true,,1593,121,10,10,https://www.threadit.tech/,151,0,0
1715437073686,1318,HomePage-0,301,Moved Permanently,FirstThreads 1-8,text,true,,370,121,10,10,http://www.threadit.tech/,1318,0,0
1715437075004,151,HomePage-1,200,OK,FirstThreads 1-8,text,true,,1593,121,10,10,https://www.threadit.tech/,151,0,0
1715437073916,1329,HomePage,200,OK,FirstThreads 1-10,text,true,,1963,242,10,10,https://www.threadit.tech/,1099,0,0
1715437073984,1261,HomePage,200,OK,FirstThreads 1-4,text,true,,1963,242,10,10,https://www.threadit.tech/,1033,0,0
1715437073984,1261,HomePage,200,OK,FirstThreads 1-6,text,true,,1963,242,10,10,https://www.threadit.tech/,1033,0,0
1715437073984,1261,HomePage,200,OK,FirstThreads 1-5,text,true,,1963,242,10,10,https://www.threadit.tech/,1033,0,0
1715437073916,1099,HomePage-0,301,Moved Permanently,FirstThreads 1-10,text,true,,370,121,10,10,http://www.threadit.tech/,1099,0,0
1715437073984,1033,HomePage-0,301,Moved Permanently,FirstThreads 1-4,text,true,,370,121,10,10,http://www.threadit.tech/,1033,0,0
1715437073984,1033,HomePage-0,301,Moved Permanently,FirstThreads 1-6,text,true,,370,121,10,10,http://www.threadit.tech/,1033,0,0
1715437073984,1033,HomePage-0,301,Moved Permanently,FirstThreads 1-5,text,true,,370,121,10,10,http://www.threadit.tech/,1033,0,0
1715437075015,230,HomePage-1,200,OK,FirstThreads 1-10,text,true,,1593,121,10,10,https://www.threadit.tech/,230,0,0
1715437075017,228,HomePage-1,200,OK,FirstThreads 1-6,text,true,,1593,121,10,10,https://www.threadit.tech/,228,0,0
1715437075017,228,HomePage-1,200,OK,FirstThreads 1-4,text,true,,1593,121,10,10,https://www.threadit.tech/,228,0,0
1715437075017,228,HomePage-1,200,OK,FirstThreads 1-5,text,true,,1593,121,10,10,https://www.threadit.tech/,228,0,0
1715437073984,1261,HomePage,200,OK,FirstThreads 1-9,text,true,,1963,242,10,10,https://www.threadit.tech/,1033,0,0
1715437073984,1033,HomePage-0,301,Moved Permanently,FirstThreads 1-9,text,true,,370,121,10,10,http://www.threadit.tech/,1033,0,0
1715437075017,228,HomePage-1,200,OK,FirstThreads 1-9,text,true,,1593,121,10,10,https://www.threadit.tech/,228,0,0
1715437073984,1261,HomePage,200,OK,FirstThreads 1-1,text,true,,1963,242,10,10,https://www.threadit.tech/,1033,0,0
1715437073984,1033,HomePage-0,301,Moved Permanently,FirstThreads 1-1,text,true,,370,121,10,10,http://www.threadit.tech/,1033,0,0
1715437075017,228,HomePage-1,200,OK,FirstThreads 1-1,text,true,,1593,121,10,10,https://www.threadit.tech/,228,0,0
1715437073985,1264,HomePage,200,OK,FirstThreads 1-3,text,true,,1963,242,10,10,https://www.threadit.tech/,1032,0,0
1715437073985,1032,HomePage-0,301,Moved Permanently,FirstThreads 1-3,text,true,,370,121,10,10,http://www.threadit.tech/,1032,0,0
1715437075017,232,HomePage-1,200,OK,FirstThreads 1-3,text,true,,1593,121,10,10,https://www.threadit.tech/,232,0,0
1715437073998,1251,HomePage,200,OK,FirstThreads 1-2,text,true,,1963,242,10,10,https://www.threadit.tech/,1019,0,0
1715437073998,1019,HomePage-0,301,Moved Permanently,FirstThreads 1-2,text,true,,370,121,10,10,http://www.threadit.tech/,1019,0,0
1715437075017,232,HomePage-1,200,OK,FirstThreads 1-2,text,true,,1593,121,10,10,https://www.threadit.tech/,232,0,0
1715437075155,175,Java Request,,,FirstThreads 1-7,text,true,,0,0,10,10,null,0,0,0
1715437075155,176,Java Request,,,FirstThreads 1-8,text,true,,0,0,10,10,null,0,0,0
1715437075245,266,Java Request,,,FirstThreads 1-10,text,true,,0,0,10,10,null,0,0,0
1715437075245,266,Java Request,,,FirstThreads 1-9,text,true,,0,0,10,10,null,0,0,0
1715437075245,266,Java Request,,,FirstThreads 1-6,text,true,,0,0,10,10,null,0,0,0
1715437075245,266,Java Request,,,FirstThreads 1-5,text,true,,0,0,10,10,null,0,0,0
1715437075245,266,Java Request,,,FirstThreads 1-4,text,true,,0,0,10,10,null,0,0,0
1715437075245,266,Java Request,,,FirstThreads 1-1,text,true,,0,0,10,10,null,0,0,0
1715437075249,270,Java Request,,,FirstThreads 1-3,text,true,,0,0,10,10,null,0,0,0
1715437075249,270,Java Request,,,FirstThreads 1-2,text,true,,0,0,10,10,null,0,0,0
1715437075331,492,HomePage,200,OK,FirstThreads 1-8,text,true,,1963,242,10,10,https://www.threadit.tech/,150,0,0
1715437075331,492,HomePage,200,OK,FirstThreads 1-7,text,true,,1963,242,10,10,https://www.threadit.tech/,148,0,0
1715437075331,150,HomePage-0,301,Moved Permanently,FirstThreads 1-8,text,true,,370,121,10,10,http://www.threadit.tech/,150,0,0
1715437075331,148,HomePage-0,301,Moved Permanently,FirstThreads 1-7,text,true,,370,121,10,10,http://www.threadit.tech/,148,0,0
1715437075481,342,HomePage-1,200,OK,FirstThreads 1-8,text,true,,1593,121,10,10,https://www.threadit.tech/,342,0,0
1715437075479,344,HomePage-1,200,OK,FirstThreads 1-7,text,true,,1593,121,10,10,https://www.threadit.tech/,344,0,0
1715437075823,332,Java Request,,,FirstThreads 1-7,text,true,,0,0,10,10,null,0,0,0
1715437075823,332,Java Request,,,FirstThreads 1-8,text,true,,0,0,10,10,null,0,0,0
1715437075519,925,HomePage,200,OK,FirstThreads 1-3,text,true,,1963,242,10,10,https://www.threadit.tech/,310,0,0
1715437075511,933,HomePage,200,OK,FirstThreads 1-1,text,true,,1963,242,10,10,https://www.threadit.tech/,318,0,0
1715437075511,933,HomePage,200,OK,FirstThreads 1-4,text,true,,1963,242,10,10,https://www.threadit.tech/,318,0,0
1715437075511,933,HomePage,200,OK,FirstThreads 1-10,text,true,,1963,242,10,10,https://www.threadit.tech/,318,0,0
1715437075511,934,HomePage,200,OK,FirstThreads 1-9,text,true,,1963,242,10,10,https://www.threadit.tech/,318,0,0
1715437075511,933,HomePage,200,OK,FirstThreads 1-6,text,true,,1963,242,10,10,https://www.threadit.tech/,318,0,0
1715437075511,318,HomePage-0,301,Moved Permanently,FirstThreads 1-1,text,true,,370,121,10,10,http://www.threadit.tech/,318,0,0
1715437075519,310,HomePage-0,301,Moved Permanently,FirstThreads 1-3,text,true,,370,121,10,10,http://www.threadit.tech/,310,0,0
1715437075511,318,HomePage-0,301,Moved Permanently,FirstThreads 1-4,text,true,,370,121,10,10,http://www.threadit.tech/,318,0,0
1715437075511,318,HomePage-0,301,Moved Permanently,FirstThreads 1-10,text,true,,370,121,10,10,http://www.threadit.tech/,318,0,0
1715437075511,318,HomePage-0,301,Moved Permanently,FirstThreads 1-9,text,true,,370,121,10,10,http://www.threadit.tech/,318,0,0
1715437075829,615,HomePage-1,200,OK,FirstThreads 1-1,text,true,,1593,121,10,10,https://www.threadit.tech/,615,0,0
1715437075829,615,HomePage-1,200,OK,FirstThreads 1-3,text,true,,1593,121,10,10,https://www.threadit.tech/,615,0,0
1715437075511,318,HomePage-0,301,Moved Permanently,FirstThreads 1-6,text,true,,370,121,10,10,http://www.threadit.tech/,318,0,0
1715437075829,616,HomePage-1,200,OK,FirstThreads 1-9,text,true,,1593,121,10,10,https://www.threadit.tech/,616,0,0
1715437075829,615,HomePage-1,200,OK,FirstThreads 1-10,text,true,,1593,121,10,10,https://www.threadit.tech/,615,0,0
1715437075829,615,HomePage-1,200,OK,FirstThreads 1-4,text,true,,1593,121,10,10,https://www.threadit.tech/,615,0,0
1715437075829,615,HomePage-1,200,OK,FirstThreads 1-6,text,true,,1593,121,10,10,https://www.threadit.tech/,615,0,0
1715437075519,926,HomePage,200,OK,FirstThreads 1-2,text,true,,1963,242,10,10,https://www.threadit.tech/,310,0,0
1715437075519,310,HomePage-0,301,Moved Permanently,FirstThreads 1-2,text,true,,370,121,10,10,http://www.threadit.tech/,310,0,0
1715437075829,616,HomePage-1,200,OK,FirstThreads 1-2,text,true,,1593,121,10,10,https://www.threadit.tech/,616,0,0
1715437075511,934,HomePage,200,OK,FirstThreads 1-5,text,true,,1963,242,10,10,https://www.threadit.tech/,318,0,0
1715437075511,318,HomePage-0,301,Moved Permanently,FirstThreads 1-5,text,true,,370,121,10,10,http://www.threadit.tech/,318,0,0
1715437075829,616,HomePage-1,200,OK,FirstThreads 1-5,text,true,,1593,121,10,10,https://www.threadit.tech/,616,0,0
1715437076445,191,Java Request,,,FirstThreads 1-3,text,true,,0,0,10,10,null,0,0,0
1715437076445,192,Java Request,,,FirstThreads 1-4,text,true,,0,0,10,10,null,0,0,0
1715437076445,192,Java Request,,,FirstThreads 1-9,text,true,,0,0,10,10,null,0,0,0
1715437076445,192,Java Request,,,FirstThreads 1-5,text,true,,0,0,10,10,null,0,0,0
1715437076445,192,Java Request,,,FirstThreads 1-10,text,true,,0,0,10,10,null,0,0,0
1715437076445,192,Java Request,,,FirstThreads 1-2,text,true,,0,0,10,10,null,0,0,0
1715437076445,192,Java Request,,,FirstThreads 1-6,text,true,,0,0,10,10,null,0,0,0
1715437076445,192,Java Request,,,FirstThreads 1-1,text,true,,0,0,10,10,null,0,0,0
1715437076155,2584,HomePage,200,OK,FirstThreads 1-7,text,true,,1963,242,10,10,https://www.threadit.tech/,302,0,0
1715437076155,302,HomePage-0,301,Moved Permanently,FirstThreads 1-7,text,true,,370,121,10,10,http://www.threadit.tech/,302,0,0
1715437076155,2584,HomePage,200,OK,FirstThreads 1-8,text,true,,1963,242,10,10,https://www.threadit.tech/,302,0,0
1715437076457,2282,HomePage-1,200,OK,FirstThreads 1-7,text,true,,1593,121,10,10,https://www.threadit.tech/,2282,0,0
1715437076155,302,HomePage-0,301,Moved Permanently,FirstThreads 1-8,text,true,,370,121,10,10,http://www.threadit.tech/,302,0,0
1715437076457,2282,HomePage-1,200,OK,FirstThreads 1-8,text,true,,1593,121,10,10,https://www.threadit.tech/,2282,0,0
1715437078739,191,Java Request,,,FirstThreads 1-7,text,true,,0,0,10,10,null,0,0,0
1715437078739,191,Java Request,,,FirstThreads 1-8,text,true,,0,0,10,10,null,0,0,0
1715437076637,2302,HomePage,200,OK,FirstThreads 1-4,text,true,,1963,242,10,10,https://www.threadit.tech/,2102,0,0
1715437076637,2302,HomePage,200,OK,FirstThreads 1-10,text,true,,1963,242,10,10,https://www.threadit.tech/,2102,0,0
1715437076637,2102,HomePage-0,301,Moved Permanently,FirstThreads 1-4,text,true,,370,121,10,10,http://www.threadit.tech/,2102,0,0
1715437076637,2302,HomePage,200,OK,FirstThreads 1-9,text,true,,1963,242,10,10,https://www.threadit.tech/,2102,0,0
1715437076637,2302,HomePage,200,OK,FirstThreads 1-6,text,true,,1963,242,10,10,https://www.threadit.tech/,2102,0,0
1715437078739,200,HomePage-1,200,OK,FirstThreads 1-4,text,true,,1593,121,10,10,https://www.threadit.tech/,200,0,0
1715437076637,2102,HomePage-0,301,Moved Permanently,FirstThreads 1-6,text,true,,370,121,10,10,http://www.threadit.tech/,2102,0,0
1715437076637,2102,HomePage-0,301,Moved Permanently,FirstThreads 1-9,text,true,,370,121,10,10,http://www.threadit.tech/,2102,0,0
1715437078739,200,HomePage-1,200,OK,FirstThreads 1-6,text,true,,1593,121,10,10,https://www.threadit.tech/,200,0,0
1715437078739,200,HomePage-1,200,OK,FirstThreads 1-9,text,true,,1593,121,10,10,https://www.threadit.tech/,200,0,0
1715437076637,2102,HomePage-0,301,Moved Permanently,FirstThreads 1-10,text,true,,370,121,10,10,http://www.threadit.tech/,2102,0,0
1715437078739,200,HomePage-1,200,OK,FirstThreads 1-10,text,true,,1593,121,10,10,https://www.threadit.tech/,200,0,0
1715437076636,2315,HomePage,200,OK,FirstThreads 1-3,text,true,,1963,242,10,10,https://www.threadit.tech/,2103,0,0
1715437076637,2314,HomePage,200,OK,FirstThreads 1-1,text,true,,1963,242,10,10,https://www.threadit.tech/,2102,0,0
1715437076637,2314,HomePage,200,OK,FirstThreads 1-5,text,true,,1963,242,10,10,https://www.threadit.tech/,2102,0,0
1715437076636,2103,HomePage-0,301,Moved Permanently,FirstThreads 1-3,text,true,,370,121,10,10,http://www.threadit.tech/,2103,0,0
1715437076637,2102,HomePage-0,301,Moved Permanently,FirstThreads 1-1,text,true,,370,121,10,10,http://www.threadit.tech/,2102,0,0
1715437076637,2102,HomePage-0,301,Moved Permanently,FirstThreads 1-5,text,true,,370,121,10,10,http://www.threadit.tech/,2102,0,0
1715437078739,212,HomePage-1,200,OK,FirstThreads 1-3,text,true,,1593,121,10,10,https://www.threadit.tech/,212,0,0
1715437078739,212,HomePage-1,200,OK,FirstThreads 1-1,text,true,,1593,121,10,10,https://www.threadit.tech/,212,0,0
1715437078739,212,HomePage-1,200,OK,FirstThreads 1-5,text,true,,1593,121,10,10,https://www.threadit.tech/,212,0,0
1715437076637,2320,HomePage,200,OK,FirstThreads 1-2,text,true,,1963,242,10,10,https://www.threadit.tech/,2102,0,0
1715437076637,2102,HomePage-0,301,Moved Permanently,FirstThreads 1-2,text,true,,370,121,10,10,http://www.threadit.tech/,2102,0,0
1715437078739,218,HomePage-1,200,OK,FirstThreads 1-2,text,true,,1593,121,10,10,https://www.threadit.tech/,218,0,0
1715437078940,134,Java Request,,,FirstThreads 1-10,text,true,,0,0,10,10,null,0,0,0
1715437078940,134,Java Request,,,FirstThreads 1-6,text,true,,0,0,10,10,null,0,0,0
1715437078940,134,Java Request,,,FirstThreads 1-9,text,true,,0,0,10,10,null,0,0,0
1715437078940,134,Java Request,,,FirstThreads 1-4,text,true,,0,0,10,10,null,0,0,0
1715437078951,148,Java Request,,,FirstThreads 1-3,text,true,,0,0,10,10,null,0,0,0
1715437078951,148,Java Request,,,FirstThreads 1-5,text,true,,0,0,10,10,null,0,0,0
1715437078951,148,Java Request,,,FirstThreads 1-1,text,true,,0,0,10,10,null,0,0,0
1715437078957,152,Java Request,,,FirstThreads 1-2,text,true,,0,0,10,10,null,0,0,0
1715437078930,2091,HomePage,200,OK,FirstThreads 1-7,text,true,,1963,242,10,10,https://www.threadit.tech/,1237,0,0
1715437079099,1922,HomePage,200,OK,FirstThreads 1-3,text,true,,1963,242,10,10,https://www.threadit.tech/,1124,0,0
1715437078930,1237,HomePage-0,301,Moved Permanently,FirstThreads 1-7,text,true,,370,121,10,10,http://www.threadit.tech/,1237,0,0
1715437080167,854,HomePage-1,200,OK,FirstThreads 1-7,text,true,,1593,121,10,10,https://www.threadit.tech/,854,0,0
1715437079099,1124,HomePage-0,301,Moved Permanently,FirstThreads 1-3,text,true,,370,121,10,10,http://www.threadit.tech/,1124,0,0
1715437080223,798,HomePage-1,200,OK,FirstThreads 1-3,text,true,,1593,121,10,10,https://www.threadit.tech/,798,0,0
1715437078930,2091,HomePage,200,OK,FirstThreads 1-8,text,true,,1963,242,10,10,https://www.threadit.tech/,1237,0,0
1715437078930,1237,HomePage-0,301,Moved Permanently,FirstThreads 1-8,text,true,,370,121,10,10,http://www.threadit.tech/,1237,0,0
1715437080167,854,HomePage-1,200,OK,FirstThreads 1-8,text,true,,1593,121,10,10,https://www.threadit.tech/,854,0,0
1715437079074,1947,HomePage,200,OK,FirstThreads 1-10,text,true,,1963,242,10,10,https://www.threadit.tech/,1149,0,0
1715437079074,1149,HomePage-0,301,Moved Permanently,FirstThreads 1-10,text,true,,370,121,10,10,http://www.threadit.tech/,1149,0,0
1715437080223,798,HomePage-1,200,OK,FirstThreads 1-10,text,true,,1593,121,10,10,https://www.threadit.tech/,798,0,0
1715437079074,1947,HomePage,200,OK,FirstThreads 1-4,text,true,,1963,242,10,10,https://www.threadit.tech/,1149,0,0
1715437079074,1149,HomePage-0,301,Moved Permanently,FirstThreads 1-4,text,true,,370,121,10,10,http://www.threadit.tech/,1149,0,0
1715437080223,798,HomePage-1,200,OK,FirstThreads 1-4,text,true,,1593,121,10,10,https://www.threadit.tech/,798,0,0
1715437079099,1922,HomePage,200,OK,FirstThreads 1-5,text,true,,1963,242,10,10,https://www.threadit.tech/,1124,0,0
1715437079074,1947,HomePage,200,OK,FirstThreads 1-9,text,true,,1963,242,10,10,https://www.threadit.tech/,1149,0,0
1715437079099,1124,HomePage-0,301,Moved Permanently,FirstThreads 1-5,text,true,,370,121,10,10,http://www.threadit.tech/,1124,0,0
1715437079074,1149,HomePage-0,301,Moved Permanently,FirstThreads 1-9,text,true,,370,121,10,10,http://www.threadit.tech/,1149,0,0
1715437080223,798,HomePage-1,200,OK,FirstThreads 1-5,text,true,,1593,121,10,10,https://www.threadit.tech/,798,0,0
1715437080223,798,HomePage-1,200,OK,FirstThreads 1-9,text,true,,1593,121,10,10,https://www.threadit.tech/,798,0,0
1715437079074,1947,HomePage,200,OK,FirstThreads 1-6,text,true,,1963,242,10,10,https://www.threadit.tech/,1149,0,0
1715437079074,1149,HomePage-0,301,Moved Permanently,FirstThreads 1-6,text,true,,370,121,10,10,http://www.threadit.tech/,1149,0,0
1715437080223,798,HomePage-1,200,OK,FirstThreads 1-6,text,true,,1593,121,10,10,https://www.threadit.tech/,798,0,0
1715437079099,1923,HomePage,200,OK,FirstThreads 1-1,text,true,,1963,242,10,10,https://www.threadit.tech/,1124,0,0
1715437079099,1124,HomePage-0,301,Moved Permanently,FirstThreads 1-1,text,true,,370,121,10,10,http://www.threadit.tech/,1124,0,0
1715437079109,1912,HomePage,200,OK,FirstThreads 1-2,text,true,,1963,242,10,10,https://www.threadit.tech/,1114,0,0
1715437080223,799,HomePage-1,200,OK,FirstThreads 1-1,text,true,,1593,121,10,10,https://www.threadit.tech/,799,0,0
1715437079109,1114,HomePage-0,301,Moved Permanently,FirstThreads 1-2,text,true,,370,121,10,10,http://www.threadit.tech/,1114,0,0
1715437080223,798,HomePage-1,200,OK,FirstThreads 1-2,text,true,,1593,121,10,10,https://www.threadit.tech/,798,0,0
1715437081022,176,Java Request,,,FirstThreads 1-6,text,true,,0,0,10,10,null,0,0,0
1715437081021,177,Java Request,,,FirstThreads 1-7,text,true,,0,0,10,10,null,0,0,0
1715437081021,177,Java Request,,,FirstThreads 1-3,text,true,,0,0,10,10,null,0,0,0
1715437081022,176,Java Request,,,FirstThreads 1-1,text,true,,0,0,10,10,null,0,0,0
1715437081022,176,Java Request,,,FirstThreads 1-9,text,true,,0,0,10,10,null,0,0,0
1715437081021,178,Java Request,,,FirstThreads 1-10,text,true,,0,0,10,10,null,0,0,0
1715437081021,178,Java Request,,,FirstThreads 1-8,text,true,,0,0,10,10,null,0,0,0
1715437081021,178,Java Request,,,FirstThreads 1-4,text,true,,0,0,10,10,null,0,0,0
1715437081022,177,Java Request,,,FirstThreads 1-5,text,true,,0,0,10,10,null,0,0,0
1715437081022,178,Java Request,,,FirstThreads 1-2,text,true,,0,0,10,10,null,0,0,0
1715437081198,298,HomePage,200,OK,FirstThreads 1-7,text,true,,1963,242,10,10,https://www.threadit.tech/,151,0,0
1715437081198,151,HomePage-0,301,Moved Permanently,FirstThreads 1-7,text,true,,370,121,10,10,http://www.threadit.tech/,151,0,0
1715437081349,147,HomePage-1,200,OK,FirstThreads 1-7,text,true,,1593,121,10,10,https://www.threadit.tech/,147,0,0
1715437081198,300,HomePage,200,OK,FirstThreads 1-9,text,true,,1963,242,10,10,https://www.threadit.tech/,151,0,0
1715437081198,151,HomePage-0,301,Moved Permanently,FirstThreads 1-9,text,true,,370,121,10,10,http://www.threadit.tech/,151,0,0
1715437081349,149,HomePage-1,200,OK,FirstThreads 1-9,text,true,,1593,121,10,10,https://www.threadit.tech/,149,0,0
1715437081198,300,HomePage,200,OK,FirstThreads 1-6,text,true,,1963,242,10,10,https://www.threadit.tech/,151,0,0
1715437081198,151,HomePage-0,301,Moved Permanently,FirstThreads 1-6,text,true,,370,121,10,10,http://www.threadit.tech/,151,0,0
1715437081349,149,HomePage-1,200,OK,FirstThreads 1-6,text,true,,1593,121,10,10,https://www.threadit.tech/,149,0,0
1715437081199,300,HomePage,200,OK,FirstThreads 1-4,text,true,,1963,242,10,10,https://www.threadit.tech/,154,0,0
1715437081199,154,HomePage-0,301,Moved Permanently,FirstThreads 1-4,text,true,,370,121,10,10,http://www.threadit.tech/,154,0,0
1715437081353,146,HomePage-1,200,OK,FirstThreads 1-4,text,true,,1593,121,10,10,https://www.threadit.tech/,146,0,0
1715437081199,300,HomePage,200,OK,FirstThreads 1-10,text,true,,1963,242,10,10,https://www.threadit.tech/,154,0,0
1715437081199,154,HomePage-0,301,Moved Permanently,FirstThreads 1-10,text,true,,370,121,10,10,http://www.threadit.tech/,154,0,0
1715437081353,146,HomePage-1,200,OK,FirstThreads 1-10,text,true,,1593,121,10,10,https://www.threadit.tech/,146,0,0
1715437081198,303,HomePage,200,OK,FirstThreads 1-1,text,true,,1963,242,10,10,https://www.threadit.tech/,152,0,0
1715437081198,152,HomePage-0,301,Moved Permanently,FirstThreads 1-1,text,true,,370,121,10,10,http://www.threadit.tech/,152,0,0
1715437081350,151,HomePage-1,200,OK,FirstThreads 1-1,text,true,,1593,121,10,10,https://www.threadit.tech/,151,0,0
1715437081199,303,HomePage,200,OK,FirstThreads 1-8,text,true,,1963,242,10,10,https://www.threadit.tech/,154,0,0
1715437081199,154,HomePage-0,301,Moved Permanently,FirstThreads 1-8,text,true,,370,121,10,10,http://www.threadit.tech/,154,0,0
1715437081353,149,HomePage-1,200,OK,FirstThreads 1-8,text,true,,1593,121,10,10,https://www.threadit.tech/,149,0,0
1715437081199,303,HomePage,200,OK,FirstThreads 1-5,text,true,,1963,242,10,10,https://www.threadit.tech/,154,0,0
1715437081199,154,HomePage-0,301,Moved Permanently,FirstThreads 1-5,text,true,,370,121,10,10,http://www.threadit.tech/,154,0,0
1715437081353,149,HomePage-1,200,OK,FirstThreads 1-5,text,true,,1593,121,10,10,https://www.threadit.tech/,149,0,0
1715437081198,305,HomePage,200,OK,FirstThreads 1-3,text,true,,1963,242,10,10,https://www.threadit.tech/,155,0,0
1715437081198,155,HomePage-0,301,Moved Permanently,FirstThreads 1-3,text,true,,370,121,10,10,http://www.threadit.tech/,155,0,0
1715437081353,150,HomePage-1,200,OK,FirstThreads 1-3,text,true,,1593,121,10,10,https://www.threadit.tech/,150,0,0
1715437081200,308,HomePage,200,OK,FirstThreads 1-2,text,true,,1963,242,10,10,https://www.threadit.tech/,153,0,0
1715437081200,153,HomePage-0,301,Moved Permanently,FirstThreads 1-2,text,true,,370,121,10,10,http://www.threadit.tech/,153,0,0
1715437081353,155,HomePage-1,200,OK,FirstThreads 1-2,text,true,,1593,121,10,10,https://www.threadit.tech/,155,0,0
1715437081496,143,Java Request,,,FirstThreads 1-7,text,true,,0,0,10,10,null,0,0,0
1715437081498,145,Java Request,,,FirstThreads 1-6,text,true,,0,0,10,10,null,0,0,0
1715437081498,145,Java Request,,,FirstThreads 1-9,text,true,,0,0,10,10,null,0,0,0
1715437081500,146,Java Request,,,FirstThreads 1-4,text,true,,0,0,10,10,null,0,0,0
1715437081500,146,Java Request,,,FirstThreads 1-10,text,true,,0,0,10,10,null,0,0,0
1715437081501,146,Java Request,,,FirstThreads 1-1,text,true,,0,0,10,10,null,0,0,0
1715437081502,150,Java Request,,,FirstThreads 1-5,text,true,,0,0,10,10,null,0,0,0
1715437081502,150,Java Request,,,FirstThreads 1-8,text,true,,0,0,10,10,null,0,0,0
1715437081503,150,Java Request,,,FirstThreads 1-3,text,true,,0,0,10,10,null,0,0,0
1715437081508,154,Java Request,,,FirstThreads 1-2,text,true,,0,0,10,10,null,0,0,0
1715437081646,2766,HomePage,200,OK,FirstThreads 1-4,text,true,,1963,242,9,9,https://www.threadit.tech/,380,0,0
1715437081639,2773,HomePage,200,OK,FirstThreads 1-7,text,true,,1963,242,9,9,https://www.threadit.tech/,387,0,0
1715437081643,2769,HomePage,200,OK,FirstThreads 1-9,text,true,,1963,242,9,9,https://www.threadit.tech/,383,0,0
1715437081647,2765,HomePage,200,OK,FirstThreads 1-1,text,true,,1963,242,9,9,https://www.threadit.tech/,379,0,0
1715437081646,380,HomePage-0,301,Moved Permanently,FirstThreads 1-4,text,true,,370,121,9,9,http://www.threadit.tech/,380,0,0
1715437081653,2759,HomePage,200,OK,FirstThreads 1-3,text,true,,1963,242,9,9,https://www.threadit.tech/,373,0,0
1715437081639,387,HomePage-0,301,Moved Permanently,FirstThreads 1-7,text,true,,370,121,9,9,http://www.threadit.tech/,387,0,0
1715437081646,2766,HomePage,200,OK,FirstThreads 1-10,text,true,,1963,242,9,9,https://www.threadit.tech/,380,0,0
1715437081643,383,HomePage-0,301,Moved Permanently,FirstThreads 1-9,text,true,,370,121,9,9,http://www.threadit.tech/,383,0,0
1715437082026,2386,HomePage-1,200,OK,FirstThreads 1-4,text,true,,1593,121,9,9,https://www.threadit.tech/,2386,0,0
1715437081647,379,HomePage-0,301,Moved Permanently,FirstThreads 1-1,text,true,,370,121,9,9,http://www.threadit.tech/,379,0,0
1715437081653,373,HomePage-0,301,Moved Permanently,FirstThreads 1-3,text,true,,370,121,9,9,http://www.threadit.tech/,373,0,0
1715437082026,2386,HomePage-1,200,OK,FirstThreads 1-7,text,true,,1593,121,9,9,https://www.threadit.tech/,2386,0,0
1715437081646,380,HomePage-0,301,Moved Permanently,FirstThreads 1-10,text,true,,370,121,9,9,http://www.threadit.tech/,380,0,0
1715437082026,2386,HomePage-1,200,OK,FirstThreads 1-1,text,true,,1593,121,9,9,https://www.threadit.tech/,2386,0,0
1715437082026,2386,HomePage-1,200,OK,FirstThreads 1-3,text,true,,1593,121,9,9,https://www.threadit.tech/,2386,0,0
1715437082026,2386,HomePage-1,200,OK,FirstThreads 1-10,text,true,,1593,121,9,9,https://www.threadit.tech/,2386,0,0
1715437082026,2386,HomePage-1,200,OK,FirstThreads 1-9,text,true,,1593,121,9,9,https://www.threadit.tech/,2386,0,0
1715437081643,2769,HomePage,200,OK,FirstThreads 1-6,text,true,,1963,242,9,9,https://www.threadit.tech/,383,0,0
1715437081643,383,HomePage-0,301,Moved Permanently,FirstThreads 1-6,text,true,,370,121,9,9,http://www.threadit.tech/,383,0,0
1715437082026,2386,HomePage-1,200,OK,FirstThreads 1-6,text,true,,1593,121,9,9,https://www.threadit.tech/,2386,0,0
1715437081652,2760,HomePage,200,OK,FirstThreads 1-8,text,true,,1963,242,9,9,https://www.threadit.tech/,374,0,0
1715437081652,374,HomePage-0,301,Moved Permanently,FirstThreads 1-8,text,true,,370,121,9,9,http://www.threadit.tech/,374,0,0
1715437082026,2386,HomePage-1,200,OK,FirstThreads 1-8,text,true,,1593,121,9,9,https://www.threadit.tech/,2386,0,0
1715437081652,2760,HomePage,200,OK,FirstThreads 1-5,text,true,,1963,242,9,9,https://www.threadit.tech/,374,0,0
1715437081652,374,HomePage-0,301,Moved Permanently,FirstThreads 1-5,text,true,,370,121,9,9,http://www.threadit.tech/,374,0,0
1715437082026,2386,HomePage-1,200,OK,FirstThreads 1-5,text,true,,1593,121,9,9,https://www.threadit.tech/,2386,0,0
1715437084412,252,Java Request,,,FirstThreads 1-7,text,true,,0,0,9,9,null,0,0,0
1715437084412,252,Java Request,,,FirstThreads 1-6,text,true,,0,0,9,9,null,0,0,0
1715437084412,252,Java Request,,,FirstThreads 1-8,text,true,,0,0,9,9,null,0,0,0
1715437084412,253,Java Request,,,FirstThreads 1-5,text,true,,0,0,9,9,null,0,0,0
1715437084412,253,Java Request,,,FirstThreads 1-4,text,true,,0,0,9,9,null,0,0,0
1715437084412,253,Java Request,,,FirstThreads 1-1,text,true,,0,0,9,9,null,0,0,0
1715437084412,253,Java Request,,,FirstThreads 1-9,text,true,,0,0,9,9,null,0,0,0
1715437084412,253,Java Request,,,FirstThreads 1-3,text,true,,0,0,9,9,null,0,0,0
1715437084412,253,Java Request,,,FirstThreads 1-10,text,true,,0,0,9,9,null,0,0,0
1715437084665,2554,HomePage,200,OK,FirstThreads 1-9,text,true,,1963,242,4,4,https://www.threadit.tech/,373,0,0
1715437084665,2554,HomePage,200,OK,FirstThreads 1-10,text,true,,1963,242,4,4,https://www.threadit.tech/,373,0,0
1715437084665,2554,HomePage,200,OK,FirstThreads 1-7,text,true,,1963,242,4,4,https://www.threadit.tech/,373,0,0
1715437084665,373,HomePage-0,301,Moved Permanently,FirstThreads 1-9,text,true,,370,121,4,4,http://www.threadit.tech/,373,0,0
1715437084665,373,HomePage-0,301,Moved Permanently,FirstThreads 1-10,text,true,,370,121,4,4,http://www.threadit.tech/,373,0,0
1715437084665,373,HomePage-0,301,Moved Permanently,FirstThreads 1-7,text,true,,370,121,4,4,http://www.threadit.tech/,373,0,0
1715437084665,2554,HomePage,200,OK,FirstThreads 1-8,text,true,,1963,242,4,4,https://www.threadit.tech/,373,0,0
1715437085038,2181,HomePage-1,200,OK,FirstThreads 1-9,text,true,,1593,121,4,4,https://www.threadit.tech/,2181,0,0
1715437085038,2181,HomePage-1,200,OK,FirstThreads 1-10,text,true,,1593,121,4,4,https://www.threadit.tech/,2181,0,0
1715437085038,2181,HomePage-1,200,OK,FirstThreads 1-7,text,true,,1593,121,4,4,https://www.threadit.tech/,2181,0,0
1715437084665,373,HomePage-0,301,Moved Permanently,FirstThreads 1-8,text,true,,370,121,4,4,http://www.threadit.tech/,373,0,0
1715437085038,2181,HomePage-1,200,OK,FirstThreads 1-8,text,true,,1593,121,4,4,https://www.threadit.tech/,2181,0,0
1715437087220,254,Java Request,,,FirstThreads 1-8,text,true,,0,0,4,4,null,0,0,0
1715437087220,254,Java Request,,,FirstThreads 1-7,text,true,,0,0,4,4,null,0,0,0
1715437087220,254,Java Request,,,FirstThreads 1-9,text,true,,0,0,4,4,null,0,0,0
1715437087220,256,Java Request,,,FirstThreads 1-10,text,true,,0,0,1,1,null,0,0,0
